{
    "lighting": "none",
    "matrix": {
        "rows": 5,
        "cols": 5
    },
    "layouts": {
        "keymap":[
            [
              {
                "y": 1,
                "x": 3.5
              },
              "2,0",
              {
                "x": 11.25
              },
              "2,5"
            ],
            [
              {
                "y": -0.875,
                "x": 2.5
              },
              "1,0",
              {
                "x": 1
              },
              "3,0"
            ],
            [
              {
                "y": -0.9950000000000001,
                "x": 14.75
              },
              "1,5",
              {
                "x": 1
              },
              "3,5"
            ],
            [
              {
                "y": -0.8799999999999999,
                "x": 5.5
              },
              "4,0",
              {
                "x": 7.25
              },
              "0,5"
            ],
            [
              {
                "y": -0.875,
                "x": 1.5
              },
              "0,0"
            ],
            [
              {
                "y": -0.9950000000000001,
                "x": 17.75
              },
              "4,5"
            ],
            [
              {
                "y": -0.3799999999999999,
                "x": 3.5
              },
              "2,1",
              {
                "x": 11.25
              },
              "2,6"
            ],
            [
              {
                "y": -0.875,
                "x": 2.5
              },
              "1,1",
              {
                "x": 1
              },
              "3,1"
            ],
            [
              {
                "y": -0.9950000000000001,
                "x": 14.75
              },
              "1,6",
              {
                "x": 1
              },
              "3,6"
            ],
            [
              {
                "y": -0.8799999999999999,
                "x": 5.5
              },
              "4,1",
              {
                "x": 7.25
              },
              "0,6"
            ],
            [
              {
                "y": -0.875,
                "x": 1.5
              },
              "0,1"
            ],
            [
              {
                "y": -0.9950000000000001,
                "x": 17.75
              },
              "4,6"
            ],
            [
              {
                "y": -0.3799999999999999,
                "x": 3.5
              },
              "2,2",
              {
                "x": 11.25
              },
              "2,7"
            ],
            [
              {
                "y": -0.875,
                "x": 2.5
              },
              "1,2",
              {
                "x": 1
              },
              "3,2"
            ],
            [
              {
                "y": -0.9950000000000001,
                "x": 14.75
              },
              "1,7",
              {
                "x": 1
              },
              "3,7"
            ],
            [
              {
                "y": -0.8799999999999999,
                "x": 5.5
              },
              "4,2",
              {
                "x": 7.25
              },
              "0,7"
            ],
            [
              {
                "y": -0.875,
                "x": 1.5
              },
              "0,2"
            ],
            [
              {
                "y": -0.9950000000000001,
                "x": 17.75
              },
              "4,7"
            ],
            [
              {
                "y": -0.3799999999999999,
                "x": 3.5
              },
              "1,3",
              {
                "x": 11.25
              },
              "3,8"
            ],
            [
              {
                "y": -0.875,
                "x": 2.5
              },
              "0,3"
            ],
            [
              {
                "y": -0.9950000000000001,
                "x": 16.75
              },
              "4,8"
            ],
            [
              {
                "r": 15,
                "rx": 6.5,
                "ry": 4.25,
                "y": 0.5,
                "x": -1,
                "h": 1.5
              },
              "2,3",
              {
                "h": 1.5
              },
              "3,3"
            ],
            [
              {
                "r": 30,
                "y": -1.5,
                "x": 2
              },
              "4,3",
              "4,4"
            ],
            [
              {
                "x": 2
              },
              "2,4",
              "3,4"
            ],
            [
              {
                "r": -30,
                "rx": 13,
                "y": 0.5,
                "x": -3.25
              },
              "0,9",
              "0,8"
            ],
            [
              {
                "x": -3.25
              },
              "1,9",
              "2,9"
            ],
            [
              {
                "r": -15,
                "y": -1.75,
                "x": -0.25,
                "h": 1.5
              },
              "1,8",
              {
                "h": 1.5
              },
              "2,8"
            ]
          ]
    }
}